accuracy,val_accuracy,test_accuracy
0.7020289897918701,0.7011594176292419,0.6976659297943115
