accuracy,val_accuracy,test_accuracy
0.9867191314697266,0.9442896842956543,0.9473684430122375
