accuracy,val_accuracy,test_accuracy
0.923379123210907,0.6852173805236816,0.6805949807167053
