accuracy,val_accuracy,test_accuracy
0.767124354839325,0.6960869431495667,0.686864972114563
