accuracy,val_accuracy,test_accuracy
0.9665518999099731,0.9637883305549622,0.9310777187347412
