accuracy,val_accuracy,test_accuracy
0.7820109128952026,0.7692650556564331,0.7510022521018982
