accuracy,val_accuracy,test_accuracy
0.8225914239883423,0.7995545864105225,0.799109160900116
