accuracy,val_accuracy,test_accuracy
0.9304879307746887,0.7870824337005615,0.7888641357421875
