accuracy,val_accuracy,test_accuracy
0.7621129155158997,0.7214492559432983,0.7124942541122437
