accuracy,val_accuracy,test_accuracy
0.5128425359725952,0.5122494697570801,0.5122494697570801
