fpr,tpr,thresholds
0.0,0.0,1.4979442
1.0,1.0,0.49794427
