accuracy,val_accuracy,test_accuracy
0.9955730438232422,0.9721448421478271,0.9498746991157532
