accuracy,val_accuracy,test_accuracy
0.9975405931472778,0.9470751881599426,0.8997493982315063
