precision,recall,thresholds
0.512249443207127,1.0,0.5121930241584778
1.0,0.0,
