accuracy,val_accuracy,test_accuracy
0.5010983943939209,0.4940579831600189,0.49931350350379944
