accuracy,val_accuracy,test_accuracy
0.8381552696228027,0.7634744048118591,0.7465478777885437
