fpr,tpr,thresholds
0.0,0.0,1.512193
1.0,1.0,0.512193
