accuracy,val_accuracy,test_accuracy
0.6929062008857727,0.6721739172935486,0.6585278511047363
