accuracy,val_accuracy,test_accuracy
0.7329070568084717,0.7325905561447144,0.640350878238678
