accuracy,val_accuracy,test_accuracy
0.9593240022659302,0.799109160900116,0.7973273992538452
