accuracy,val_accuracy,test_accuracy
0.6471167206764221,0.645652174949646,0.6435011625289917
