precision,recall,thresholds
0.5006864988558353,1.0,0.49794426560401917
1.0,0.0,
