accuracy,val_accuracy,test_accuracy
0.9901623129844666,0.9637883305549622,0.9385964870452881
