accuracy,val_accuracy,test_accuracy
0.9754058122634888,0.8635097742080688,0.8483709096908569
