accuracy,val_accuracy,test_accuracy
0.9899742007255554,0.8004454374313354,0.799109160900116
