accuracy,val_accuracy,test_accuracy
0.9313730001449585,0.7653623223304749,0.7563768029212952
