accuracy,val_accuracy,test_accuracy
0.9975405931472778,0.9080780148506165,0.8771929740905762
