accuracy,val_accuracy,test_accuracy
0.8651770949363708,0.8734966516494751,0.8565701842308044
