accuracy,val_accuracy,test_accuracy
0.7809992432594299,0.75,0.7396109700202942
