accuracy,val_accuracy,test_accuracy
0.9300104975700378,0.8302895426750183,0.8240534663200378
