accuracy,val_accuracy,test_accuracy
0.9498278498649597,0.8300835490226746,0.8408521413803101
