accuracy,val_accuracy,test_accuracy
0.9280053377151489,0.890868604183197,0.8712694644927979
