accuracy,val_accuracy,test_accuracy
0.7782914042472839,0.7707246541976929,0.7683829069137573
