accuracy,val_accuracy,test_accuracy
0.9921298623085022,0.844011127948761,0.8433583974838257
