accuracy,val_accuracy,test_accuracy
0.9995081424713135,0.9721448421478271,0.9436089992523193
