accuracy,val_accuracy,test_accuracy
0.8176963925361633,0.7456521987915039,0.741777241230011
