accuracy,val_accuracy,test_accuracy
0.9926217198371887,0.9470751881599426,0.9373433589935303
