accuracy,val_accuracy,test_accuracy
0.7605568170547485,0.7656521797180176,0.7609458565711975
