accuracy,val_accuracy,test_accuracy
0.9690113067626953,0.9164345264434814,0.927318274974823
