accuracy,val_accuracy,test_accuracy
0.8894299864768982,0.8026726245880127,0.8115813136100769
