accuracy,val_accuracy,test_accuracy
0.8932493329048157,0.890868604183197,0.8654788136482239
