accuracy,val_accuracy,test_accuracy
0.8761577606201172,0.8191536664962769,0.8231625556945801
