accuracy,val_accuracy,test_accuracy
0.7971548438072205,0.7836231589317322,0.7768192291259766
