,fpr,tpr,thresholds
0,0.0,0.0,1.5075377
1,0.9954337899543378,0.9973913043478261,0.5075377000000001
2,0.9954337899543378,0.9982608695652174,0.50461817
3,0.9963470319634703,0.9982608695652174,0.48535872
4,0.9963470319634703,1.0,0.16677195
5,1.0,1.0,3.7712109999999995e-05
