,fpr,tpr,thresholds
0,0.0,0.0,1.5075377
1,0.9926940639269406,0.9939130434782608,0.5075377000000001
2,0.9945205479452055,0.9939130434782608,0.4979049
3,0.9945205479452055,0.9947826086956522,0.49788067
4,0.9972602739726028,0.9947826086956522,0.48156247
5,0.9972602739726028,0.9973913043478261,0.35355240000000004
6,0.9990867579908675,0.9973913043478261,0.1214943
7,0.9990867579908675,0.9991304347826087,0.09341902
8,1.0,0.9991304347826087,0.04485304
9,1.0,1.0,0.03676983
