,precision,recall
0,0.5131637661758144,1.0
1,0.5129464285714286,0.9991304347826087
2,0.5127288968289415,0.9982608695652174
3,0.51295799821269,0.9982608695652174
4,0.5127402771569066,0.9973913043478261
5,1.0,0.0
